"序号","name","symbol","token_address","ath_cohort","ath_market_cap","twitter_url","website"
"1","The Cat From Outer Space","Catamenon","4jHfzf48S2emsX7ch9mXnx5VTjMJFywXD6WDRnDH9gtd","L0","3438","https://x.com/Felixonchain/status/2078782454979031065","https://x.com/benny_safdie/status/1749130051952546094/photo/1"
"2","lockcoin","lockcoin","AoX7kaX8aWtUAsCfCsLepRoXRDoZgLgLfgs69YPCpump","L0","9359","https://x.com/briann1312/status/2078778561931137342",""
"3","ARGENTINA","ARG","8VSZ8hUEaHT5pvAj3u5MZ3oX1PEEBudcqAxEEfmBTejM","L0","13185","Argentina","https://argentina.com/"
"4","The Colossal Shit","Corprolite","B4ksd3Lu4RwSZFFNRCbR42gVKqATXmsJTka9aiTPpump","L0","15016","https://x.com/TheColossalShit/status/2078674390619718088?s=20",""
"5","The Chimera Cat","咻咻","47EhQ5wdNkcYTDgmDonCs92k8fFrPW4BnhS6Xncvpump","L0","16430","https://x.com/prottlegang11/status/2078776664239346129","https://space.bilibili.com/521457752/upload/video"
"6","bird wif balls","Monjita","GwRtLfMJW7j6Lnhmd4msiR9uog6JTfPT7S9mZTzPpump","L0","17737","https://x.com/OriginalDevoor/status/2078778145130397716?s=20","https://www.instagram.com/p/DaPz9RyRtcc/"
"7","Quasi Modog","QuasiModog","HTSLNDkLunUmiYuMWbiugvCeshsyDsEcfEm9R9dKpump","L0","19185","https://x.com/i/communities/1937211890888855739","https://www.theguardian.com/lifeandstyle/2016/jun/17/i-own-worlds-ugliest-dog-quasi-modo"
"8","2026 World Cup Champions","ARGENTINA","HCvPTk8JQnqLn5LBEQmXBTKPqRm1GfZ21Mdfrccxpump","L0","20726","https://x.com/i/communities/2027489390482649423","https://x.com/thenormiecalvin/status/2078563492202758466?s=20"
"9","THEWORLD","WORLD","Gf5zJ5GtTk6pkHJKBkQXgZUrHQCh2xiWfbx8XZTZpump","L0","21153","https://x.com/theworldonchain","https://theworldonchain.fun/"
"10","すしペット","SUSHIPETS","GSg57P2D7GGpj7ADtTGWGTYFmmSRHr8gKwFkd4Sgpump","L0","22835","https://x.com/i/communities/2029177364169511389","https://x.com/i/trending/2070084857581981890"
"11","The Alpha Dog","SULLY","3WnhQES1gZGWRbeG848r42XfQLU1VRjCN5d9vm4fpump","L0","24055","https://x.com/AndyDeveloper4/status/2078689855014375859","https://www.youtube.com/watch?t=100&v=pzk_nnyKS08&feature=youtu.be"
"12","The Transcending Stickbug","Stickbug","88hh6BjwozcbmzomnDgcz4HWoE1dW3FnvZY1WcD4pump","L0","25952","https://x.com/i/communities/2026837375180238887","https://www.tiktok.com/@laurenvales/video/7662823495910427917"
"13","Leo Messi","Leo","Bi6FgnTAo3pmPeiAK1eBatwWiaqXoXo5Yj8TsyPSpump","L0","27678","https://x.com/genyrational/status/2078547249156821102","https://x.com/peta/status/2078464136552346009"
"14","Nixonmaxxing","NIXONMAXXING","DxkFxN4faR5txHUgxRmEVrKC1pQNVzcsUHqpXs9jpump","L0","29309","https://x.com/WSJ/status/2078277456981815675",""
"15","Rat In The Rain","RAT","9DPhGEhF1sUfDf4Rv43w9o66tog5Tjq2vhDEXqdcpump","L0","30590","https://x.com/xyzsdfgsdfsdf/status/2078587348053315689","https://www.tiktok.com/discover/rat-in-rain-happy"
"16","Pilldiers","PILLDIERS","4adVwusTKMVx2LMKR3ZUu3NAwQQScmvt7C5RFrAJpump","L0","30958","https://x.com/0xVidocq/status/2078534234285740115?s=20",""
"17","Rainbowcoin","RAINBOW","Gi6vmYz48YNGYtRB4doPBB9AV1FD228qzBA6bmmVpump","L0","31172","https://x.com/notveloxcity/status/2078565825611436227","https://www.tiktok.com/@yoovx3/video/7662138123589078292"
"18","GALOPÊRA","GALOPÊRA","7kbeJ6iaSote7kTutigCu2Nxe86h11cCxBbWqrskpump","L0","31523","https://x.com/GaloperaSOL","https://www.tiktok.com/search?q=galopera&t=1784334202752"
"19","Gatoelho","Gatoelho","4DW5qLq5EVN636iCxxSyYmJPchmdSN9fEw6Yg63epump","L0","31950","https://x.com/i/communities/1977654372713578677","https://www.instagram.com/gato.elho?igsh=MWNnampveDBvNDBpNQ=="
"20","The Final Protector","JUMBO","6h83XfVsHrjomGMzv3zpsTjiTmtTT2kWr5yaWygFpump","L0","32352","https://x.com/Stally_P/status/2078411788639449116?s=20","https://www.youtube.com/watch?v=D2qjypM1AKM"
"21","Take the Bribe","BRIBE","8BJSxLkwBLdg8Bnb52NVPh4vew7jPne1HwcNQotRpump","L0","33267","https://x.com/i/communities/1943071102600675572","https://x.com/drewyoungradio/status/2077977989133021220"
"22","The Shrek Signal","Signal","EdwMMNnJLynz6H9VZrfe8nPWkYKgQzGF1zPqaGYBpump","L0","33904","https://x.com/i/communities/2030936625388089631","https://www.reddit.com/r/wallstreetbets/comments/1uzk1r3/every_release_of_shrek_happens_right_before_a/"
"23","pillheads","pillheads","DSS6fusqRSUGCRtZCCLZ8SxsxjyRAVAUQ5p1pS6Bpump","L0","34578","https://x.com/maxteedd/status/2078716807771300332","https://x.com/Pumpfun/status/2078715257950806301"
"24","Messi Bathing Yamal","BATH","4BF5ikqV2J9kHhCkXXo9aPAHWnjqiuxDwfjRWZbCpump","L0","37391","https://x.com/rizzniggawif/status/2077497901727588544?s=20","https://www.reddit.com/r/MadeMeSmile/comments/1uwaf78/lionel_messi_bathing_a_5month_old_lamine_yamal_in/"
"25","Meowpin","Meowpin","Hw7mwnQkXnoaJrzZs56UVahMA1zhTe4Yumak9bLDpump","L0","38513","https://x.com/p0tpvper23/status/2078757148969050174","https://www.tiktok.com/@meowpin_info"
"26","Khajiitcoin","Khajiit","97yNaYRRUW5asehq4ypZMacpLFcviMskEetFsfWxpump","L0","39730","https://x.com/Bobonsol9/status/2078509771255435721","https://www.tiktok.com/search?q=khajit%20has%20wares&t=1784390179072"
"27","The Nietzschean Kitten","Susu","pDmiyMBTdN8GpcjkrQyBTD8JHdJfQGyHsyz4vzWpump","L0","40882","https://x.com/QuantaDev14/status/2078466774832455706","https://www.newsflare.com/video/901142/cat-stranded-in-river-for-2-days-trapped-by-heroic-local-using-drone#:~:text=the%20cat%2C%20named%20%27-,Susu,-%27%20to%20commemorate%20its"
"28","The Odyssey Memes","ODYSSEY","CMqCqU1JxvJz1PnKttgd5acsFh8jXGyfUpcTbUqVpump","L0","41999","https://x.com/i/communities/2013708359644377227",""
"29","Catcha","CATCHA","BSLmyKr4nVfhi2RFFU6HBQvfBn5ZnN719Ra3QQDkpump","L0","44329","https://x.com/terryXXc_/status/2078683186276503873",""
"30","Bitcoin","BTC","Dck1XcUR37rVJkEaXuqtWueCNB82rBywkYBFtpLbpump","L0","45628","https://x.com/RoaringNathanae/status/2078692946438914501","https://www.reddit.com/user/Over_Bunch_2562/"
"31","Buyuang The Monkey","Buyuang","BjSuJWSxpHaH8wJgvsa5ZvuLwFJaHt3bpVBGJ8Fpump","L0","46946","https://x.com/i/communities/2038192986291376295","https://www.instagram.com/bunga.9891/reels/"
"32","The Roach's Cat","Galicia","HteEthSrnw2yCh14254qJZV2nWkuWyYBRBsdg4Kgpump","L0","47739","https://x.com/i/communities/1983575791158931617","https://www.tiktok.com/@galiciagatadabarata"
"33","dog in helmet","dih","9xsf7j9dYvijL8NoXFwP7Zyi2eT4xsFwFDMM8b5cpump","L0","50564","https://x.com/i/communities/1952355663960780973","https://x.com/search?q=odyssey&src=typed_query"
"34","I Turnt It Down","COLLEGE","BCkoocCE7u6czUg6g4mpneuo7kkoquWNi5KkVfiapump","L0","50831","https://x.com/prottlegang11/status/2077290627822485914","https://www.instagram.com/reel/DatQ27tyJcs/"
"35","a smoking meth raccoon","ASMR","3C65gdJAknCK9anyp3thqPt8p1xnTbnynhGk8wM3pump","L0","51801","https://x.com/i/communities/2019464650002428127","https://www.youtube.com/watch?v=ToU3qW_Ziyo"
"36","fuggler","fuggler","8YyFWfzAk8HrGscVoPLGmZBiA9BuaakuUTiQn8yJpump","L0","54380","https://x.com/i/communities/2036568305532567601","https://www.tiktok.com/@fugglers?_r=1&_t=ZS-989IGdICBSp"
"37","Wolf Coin","Wolf","7LKzPGFtv2TWVfmoPSgASnAEevRrru1xiUwDcCzhpump","L0","55448","https://x.com/EdwardScisDih/status/2078748196625682516","https://norse-mythology.org/skoll-hati/"
"38","Lckd","Lckd","7UTubJ3W6JWwLUj82B9LgHFDmc8wFWtSNLis6u8epump","L0","59037","https://x.com/launchlckd","https://lckd.tech/"
"39","WoodChuck Norris","Norris","F5W6NXi6fYUriDFKVYrUANbxtLsRdfcvhRaHqm2qpump","L0","61257","https://x.com/Jamesbonderr67/status/2078389714743111862","https://www.reddit.com/r/pics/comments/1uzd7x8/oc_my_dog_got_drop_kicked_by_a_groundhog_today/?q=woodchuck+norris&type=comments&cId=5fc2c4ca-5fc7-4e73-9e3a-123551e4a4fc&iId=b9a0c195-5103-43e4-8066-a1af036c4e8b"
"40","Short Spine Syndrome Cat","Neném","U6sy4qMtXE5QAJBLsrDHaKkXVm7btEwWbvgecqepump","L0","65470","https://x.com/kirsanlil/status/2078141140188991822?s=20","https://ndmais.com.br/animais/video-gatoelho-de-sc-reaparece-nas-redes-e-surpreende/"
"41","Bitcoin","BTC","6QSbUhu9yfWRf15eZoXFhMdApLYRmBghsfYpaHiSpump","L0","66979","https://x.com/ddddddd8a/status/2078676506587398193","https://www.reddit.com/r/WorldCup2026Tickets/comments/1v04so5/i_just_got_scammed_for_47500/"
"42","potato","土豆","HbtqbkA4dXYBE56RVHF7hoX82JBcCJmazy368MBZpump","L0","67803","https://x.com/i/communities/2029172649142722634/","https://www.tiktok.com/@user1020003545499"
"43","Elfie Dolls","Elfie","GLourzLPrYGKCbiFU46WQRRUm3Evfeuuc7sBf1mBpump","L0","70572","https://x.com/maverickflips/status/2078521759964266543?s=46",""
"44","Woodoo World","WOODOO","7cYYeZ2kt7XZa5Bj9ed4qg39nmUvT6SP7XBiU7twpump","L0","72608","https://x.com/woodcutleaf/status/2078518604438348161?s=20","https://woodcutleaf.com/"
"45","The Alpha Dog","SULLY","CvaJnZ87K2N8muVJxFe8TpwuKMdufHPnBJbEAABTpump","L0","74255","https://x.com/ddddddd8a/status/2078689402474103288","https://www.youtube.com/watch?t=100&v=pzk_nnyKS08&feature=youtu.be"
"46","DOGGO","DOGGO","2yWRyjnkXNvUxU73ASu1Exbm2aKEyNhShcT7NXv9pump","L0","76563","https://x.com/Doggo_CTO",""
"47","It’s time to win","TIME","H8TgEwPXvF7kCi7surjf5FB7ik2BDrdgYmpoztN5pump","L0","78690","https://x.com/fullmarginreal",""
"48","Unbothered Dog","UNBOTHERED ","EbnZCN9mcJb4oRaRvR6gMzr1hvcSVmXkV9PPGVhepump","L0","82906","https://x.com/Somnicko/status/2078551124353913169","https://www.tiktok.com/@confucius_7/video/7662498318018219277?q=confucius_7&t=1784398909390"
"49","Porkcoin","PORK","APhHKkSD3CucwoN4TFLmFoBDg87G7yprio8ZK6N1pump","L0","86110","https://x.com/porkcoincto?s=11",""
"50","Don’t Spy on Me","SPY","QFupCpn5Kw9eUXWwsK4tKn3rxueotUwgrknv4dkpump","L0","87161","https://x.com/dontspysol","https://www.reddit.com/r/technology/comments/1uzhnhb/redditors_are_celebrating_the_cutting_down_of/"
"51","As Nolan Intended","NOLAN","Fe25x8nkw1gfmM2aAVLSHedWu27nuzJ6vpdd1uASpump","L0","90643","https://x.com/ohreally0h/status/2078113090126680138","https://x.com/search?q=Nolan%20intended&src=typed_query"
"52","SX","SX","f3iboiTCNr5ioT5su9Q6mtsoegG1Po8486ZiePnpump","L0","98680","https://x.com/HankLeGods/status/2078737695082205544","https://www.trademarkia.com/sx-99809181"
"53","The Himulation","Himothy","FjQLfuiXwHpf1XCCfXd2LqY3fJSbf38Tp7zmMWkwpump","L1","101785","https://x.com/i/communities/2013845069904699746",""
"54","Faithcoin","Faith","H66JtYQdhdFayyTNYer6KNhhLVdqfopYqqQi57d4pump","L1","107901","https://x.com/i/communities/2038758481629782035",""
"55","bob","bob","3smEM526fxREcAKY61Chf4ZREmZsftaJ8WuF1hjcpump","L1","109425","https://x.com/i/communities/2016971548473905610","https://www.tiktok.com/music/FREAKED-OUT-7644346595656730640"
"56","The Roaring Lion","LION","FF1ZPm3SZVdVy4xx5Dt7aZgBWhuDDVs5NZM25uCVpump","L1","114806","https://x.com/roarweb3",""
"57","Short Spine Syndrome Cat","Nenem","BCDgN5Jgnkbjs8oRHivko5dcf18sPsSmPVKAsDnMpump","L1","118702","https://x.com/i/communities/2036038942449946860","https://www.instagram.com/gato.elho/"
"58","juan","JUAN","3e7hQA9QPv2rgQcGTHPigFBPXC5WoPXDLBxfTezEpump","L1","128426","https://x.com/i/communities/2013368289754509591","https://knowyourmeme.com/memes/juan-horse-on-balcony"
"59","The Cult of YOTS","YOTS","3f9LEP4RNM1yq5VnCD1LYMvq7FZis5tfGqyZMsiRpump","L1","133785","https://x.com/YOTSingularity","https://yearofthesingularity.com"
"60","screaming cat","screaming","8dHAoYtTqrHX4XmYp7r3D4MRaHaZGcxwd49GcQ5Rpump","L1","140016","https://x.com/screamingcatcto?s=11","https://screamingcat.fun/"
"61","Ecodoge","ECO","Hu7vozhSAwooDynUUYcdHp1W3zpB5zDTbQ8Yn6acpump","L1","151013","https://x.com/ecodoge_token","https://ecodoge.life/"
"62","ANSEM COIN","ANSEMCOIN","D62iYdVkZ96wjdcSrf9MRBnRHiym3pHGQXx7Ek9Fpump","L1","157389","https://x.com/theansemcoin","https://ansemcoin.fun/"
"63","Lamine Yamal","YAMAL","6M4kwmg87tx7bUEwxYKgQazcyWGiCyqcChwhC5qpump","L1","165476","https://x.com/GoldenBallonPF","https://goldenballcoins.fun/"
"64","The Nietzschean Mouse","Mouse","CzBAZbiiZ2WJ1jPapCmHpsYzBgu5VnAa3LaR1As4pump","L1","167541","https://x.com/i/communities/2017002471877644730","https://www.instagram.com/p/Da3a-nMS0ld/"
"65","KIMI-K3","KIMI3","59dCaphi38eZHiuZjJ2n26BuEcktu9ohdH8eAQd8pump","L1","176612","https://x.com/i/communities/1919892532739375315","https://kimik3.xyz/"
"66","Wifout","Wifout","7YCTXLpRn1zSgfU7o99RsyCnu7B8vUJAs9HxXKvMpump","L1","178789","https://x.com/i/communities/2038803027482509381","https://www.reddit.com/r/shiba/comments/1uxss9w/it_gets_better_glaucoma_diagnosis_to_double/?share_id=12irA1eGZDbwPraLPj83W&utm_content=share_button&utm_medium=web3x&utm_name=web3xcss&utm_source=share&utm_term=1"
"67","The Nietzschean Cat","Fridge","H23di4NXN6j2pwLwbYjtag1Q3v7ANyXR72kzfWYKpump","L1","180452","https://x.com/genyrational/status/2078475692698972304","https://www.independent.co.uk/news/world/americas/minnesota-cat-found-colorado-park-b3016860.html"
"68","Sped","Sped","2dAt9BMxpNDnzBo32VuR8MXEypVzuZwQj3ZCn8xVpump","L1","195814","https://x.com/spedtology","https://spedtology.neocities.org/"
"69","OpenVecta","VECTA","4VBvCEMrPEU6yYF43pdahJafdHGaRxtMtKENqYpnpump","L1","204234","https://x.com/open_vecta","https://openvecta.com"
"70","soljak","soljak","8X8QX36MW7fg2VG6PPNJqUozYcp9BnkJtmn1eZfhpump","L1","206302","https://x.com/so1jak","https://soljak.site"
"71","The Addiction Bird","KIWI","FUY6RbdfrDfa82y1AS5ZQRtaoSr1ZVTGD2EkN11bpump","L1","210158","https://x.com/addictbirdpump","https://theaddictionbird.fun/"
"72","Coldstar","$COLD","hhB7CZU8rtKgaNoQu8a4DoBkQJTuUZy8Z1nB9CSEASY","L1","213502","https://x.com/buildcoldstar","https://coldstar.dev"
"73","copecat","cope","AjBgThd5o37Q59sCw4AkQL7oRKo39APNGvCYiNvgpump","L1","224355","https://x.com/i/communities/1970498279000400222",""
"74","Official Jimothy Coin","JIMOTHY","2uW6qSx5qixb6GtUzL3UuaM11K6tQ231cwiPWLSvpump","L1","235826","https://x.com/i/communities/2022365703379329487","https://nypost.com/2026/07/17/us-news/the-sad-truth-about-jimothy-seattles-uber-viral-raccoon/"
"75","Water ","WATER","8JA24MGvHPbMUZViqjEm1oMNseiitfbth7en4rfApump","L1","252741","https://x.com/WaterSolFund","https://water.org/"
"76","Proof Of Bagwork","POB","BAGWtYQm6kei9M9hoVcY3pqXxeiGZ1poGoq51io5mJS6","L1","263817","https://x.com/proofofbagwork/","https://www.proofofbagwork.fun/"
"77","one life, its worth an attempt","worth","8tKWk9c3o8sbvcqTBePv2B99ZTthMdXAhSVRQ1zApump","L1","278519","https://x.com/i/communities/2032158030771413133","https://lifeworth.netlify.app/"
"78","agentx402","agentx402","cEVB54GaMohQf8GwE79ckFbSMSZvWPL27Z2nj7apump","L1","282784","https://x.com/agentx402","https://imagentx402.com/"
"79","Yuki Grok Companion","YUKI","3v2ekTxcn6voD4RDzhwaf5z1VXFxGBxoUKEWZRfBpump","L1","301343","https://x.com/ogParodyYuki",""
"80","Xavier","Xavier","BuK3BYo79xiJz8A11LCf2qtbNzQXEoHTsbiHNFgJpump","L1","302351","https://x.com/i/communities/2038675073481982323/","https://knowyourmeme.com/memes/pakalu-papito-xavier"
"81","Jacob Coin","Jacob","88TjA2vDP57jnoFKFZMvW6Rd5gmtpQ8kDzCxnEbzpump","L1","311845","https://x.com/i/communities/2012439895311323497","https://iamjacob.io/"
"82","Stickman","Stickman","FhwV2wZicstWLnULi7dXZYaCRRv17AtQ9RcmJSngpump","L1","327555","https://x.com/pumpfunstickman","https://stickman-solana.xyz/"
"83","Relic","RELIC","2ABbnf3EzGfiMa3PE2bseAWwRD4jAE4KgE8YjSTxpump","L1","347896","https://x.com/playrelic","https://playrelic.gg/"
"84","fatcat","fatcat","G8bNZABJLB6A1iKyuQdJWXGtgo6UxwQ2DC7gZXWQpump","L1","372492","https://x.com/fatcatillions","https://fatcat-memecoin.lovable.app/"
"85","aight bet","bet","He6pECrSVi123qabQJRiGEonMbBZ7e8PZ9NmUxKqpump","L1","389646","https://x.com/i/communities/2002750982543802484",""
"86","Tates arrested","Tatesjail","B3ctTEb4HgzhSiTPpHAKd2nxNu7VHkqBi7C4uC9Zpump","L1","411282","https://x.com/disclosetv/status/2078623979728691282?s=20","https://www.cnn.com/2026/07/18/us/tate-brothers-arrested-miami"
"87","deflock","DeFlock","FaL1PFQhNo4JAGaQKSnKurWeNtpexqEAduQjR4H6pump","L1","420224","https://x.com/deflockonsol?s=11","https://deflock.org/"
"88","Forge Capital","FORGE","GUxKwgqqcZVMoF3Q9Ky6dj9VdecA2J64wmDdmRaKpump","L1","434183","https://x.com/forgecapxyz","https://forgecap.xyz"
"89","Ping Ping and Fu Shuang","熊猫","13i7SfDDzg3t4MQnfZNtFKptHpv8HR2eaGRMfetSpump","L1","449137","https://x.com/pingfushuangcto","https://coincommunities.org/communities/13i7SfDDzg3t4MQnfZNtFKptHpv8HR2eaGRMfetSpump"
"90","Nyan Jimothy","NYANJIM","D6mSkFmPskEWMEqEpdMMfUEsJdEcQdTSzbG7J2GWpump","L1","491031","https://x.com/NyanJimothy","https://www.nyanjimothy.site"
"91","Permanently ONchain EmployeD","PONED","YYhQEwcAeScuY3PNxcBzRMDCvZf1Nw1TFK7dVoypump","L1","510090","https://x.com/ugotponed","https://poned.fun/"
"92","BUYSEXUAL","BUYSEXUAL","8Gw5ERAe6hxMKyYWVXVhok6jhcvQkAfKH1bFBeQepump","L1","528766","https://x.com/MalatonKnows",""
"93","Streamer Bounties","SUB","EPKPcUPmhcDfpRq1LtN46FuysHo49D5Q6W2L2oPmpump","L1","577491","https://x.com/i/communities/2033715504100348198","https://streamerbounties.fun/"
"94","Tole Tole","MeiMei","MsGDybWRSNdNXkdDZhEksgzugT5CbVWUG2wkhwgpump","L1","671722","https://x.com/i/communities/1972651305349886231","https://www.tiktok.com/search?q=mei%20mei%20cat&t=1782837418249"
"95","simulator","simulator","8hnMfF4XL717GVwzDmvqjJvULozKW6w7BhHFABjvHje4","L1","699075","https://x.com/truth_terminal/status/2038613423412412861?s=46",""
"96","Homecoin","HOME","HHAaKxGSYomiwHeH4aPf5Lr9aqRLaYLNqhmrfBDUpump","L1","751794","https://x.com/HomeCoinMeme",""
"97","The Charging Bison","Bison","GwZvGvVzjWTL1mvpw55KQWztTQvWo3B6ew16N2aspump","L1","768390","https://x.com/i/communities/2038631102995485056","https://www.youtube.com/watch?v=aIiMSCBHThA&t=1s"
"98","Just A Coin","$JAC","E714f3oiK3sA8WGBBpmgx7Vkptz7Xh7H9YNWjpkLpump","L1","813489","https://x.com/jac0nsol?s=21","https://www.justacoin.fun/"
"99","XPXpay","XPX","rG49p6sSbBsrbWbsdEhFFe15uq5nch2eSnQLV4fpump","L1","836665","https://x.com/XPXtoken","https://www.xpxpay.com/"
"100","Atelier","ATELIER","7newJUjH7LGsGPDfEq83gxxy2d1q39A84SeUKha8pump","L1","866873","https://x.com/useAtelier","https://useatelier.ai"
"101","Udin din din dun","Udin","2aQKC1xiKpEyAWvzSDrULnYLVuybWyx7qrsnpP8hpump","L1","884985","http://x.com/udinthememe","https://udinthememe.com/"
"102"," 佐川トメ","Sagawa","BQDTXj9bvYRY9hksEmnXVMxsPu5VwFDW3bwiXpiDpump","L1","909531","https://x.com/i/communities/2028430126984073508","https://news.yahoo.co.jp/pickup/6588272"
"103","hodlcat","hodl","EtpZMa1ZSzxFTwUsGppuuh8idJ4CcaEufwKBLYeQpump","L1","967527","https://x.com/i/communities/1975328294414307391","https://x.com/i/communities/1975328294414307391"
"104","Cash Cow","CASHCOW","D6ytjMdBBPoV8nsRHJhvrkpwF7sgVBYd7PufkRHNpump","L1","999304","https://x.com/cashcowthememe?s=11","http://thecashcow.fun/"
"105","Black The Raccoon","Blackmothy","HekL5sMgvpsuypitEc7ThcrAtRCT59zMxqvcH7T4pump","L2","1012547","",""
"106","elchef","elchef","3VkUe5T9uAuU6EqmEMqQcuTRqEcqU86NAfwbFZKxpump","L2","1051811","https://x.com/elchefdesol/status/1967605930268512371","https://elchef.fun/"
"107","Buddy","buddy","9HHrikqNLYvfXzxtNV8pvPLrWbDGG4mZkVpaKBcvgLyu","L2","1063449","https://x.com/buddywatching","https://buddydog.fun"
"108","psyopcat","PCAT","3dejiWxvpL6QH63rBE38fSrVbna8pVrKbmbPPDke7wuH","L2","1080160","https://x.com/pcatpf","https://pcatsol.com/"
"109","yepcat","yep","ERPtViqckt1zqpS2abUx67CgLcP54CkhBPYz3yRUpump","L2","1101023","https://x.com/theyepcat","https://yepcat.fun/"
"110","Meowpin","Meowpin","3Tf3RD5t45wQJF8uEYVXpR2M4wBiCaSNwUWENzVGpump","L2","1127888","https://x.com/meowpinfrens","https://www.tiktok.com/@xxiaoihrjxs/video/7656647780051586317"
"111","WSOP Fantasy Poker","WSOLP","GvUCjmWSXA5hrTh9smmNA1AU55YCtP9mDLQcrKA1pump","L2","1167973","https://x.com/WSOLP_fantasy","https://www.wsolp.com/"
"112","Neegy","NEEGY","6oGuFDbEeaSzTcvrmmd2MqfNYwHKXFoN7regcR22pump","L2","1184233","https://x.com/i/communities/1993646937912807607","https://www.tiktok.com/search/video?q=neegy"
"113","Pumpfun is home","HOME","gsoZaYPVioFi9GRaehCnvNqUSNWYNZNVKT9oyoJpump","L2","1197037","https://x.com/pumpfunishome","https://www.pumpfunishome.fun/"
"114","The Black Bear","BlackBear","8X1N2HmiP11UXidmyRNHLoBGjAhXU4rk5GnrVYGYpump","L2","1201136","https://x.com/BlackBearCTO",""
"115","Paraloom","PARALOOM","Br1JxELQYP34YdRW4gbEPLasHEtyz8eCmT2FvmnYpump","L2","1245695","https://x.com/paraloomlabs","https://paraloom.io/"
"116","FAHHHH","FAHHHH","5gsDMgG3p1xZR7qvbS88EjNSDesBdJjYH7PGemUgpump","L2","1340367","https://x.com/i/communities/1971908898647904770","http://fahhhh.com/"
"117","SOLdiers","SOLdiers","GjWRMFCecgDGqwyjvKm4fQyU3NAyz9NxGG4yfPspump","L2","1352938","https://x.com/mert/status/2077387825255690569",""
"118","The Bagworker","CLIVE","HEU5mPDm5jCyn4AjQKjvWuvttACKvitgpAdwfmu2DoiA","L2","1426934","https://x.com/clive_99?s=11","https://clivewebsite.netlify.app/"
"119","Fearless Of Missing Out","FOMO","BDdzUjksj1J4bSnMveQ5tV9Up8A9c6YS1tHrxNw3pump","L2","1496091","https://x.com/FearlessOMO","https://fearlessfomo.com/"
"120","Loom","Loom","CgnQ8a1u99Gk7qoySMd2wrGPMPm9bdcSJNhqMEkYpump","L2","1514185","https://x.com/LoomtheOG","https://medium.com/@anatolyyakovenko/loom-encoding-time-as-data-6e11de128cf0"
"121","BEPE","Bepe","61qNX1UoKDMypgDJzNGFra3Mb6DQPyUmf6zDayZ7bonk","L2","1686408","https://x.com/i/communities/1966295581435080939","https://x.com/i/communities/1966295581435080939"
"122","brainfart","brain","9oDndFiC7RW42vZcmSzacTKMWE9kgeqnzwXDGLSkpump","L2","1728009","https://x.com/BrainfartAgent","https://brainfart.live"
"123","Sapijiju","Sapijiju","7thY5PzYdH311NXYE6mecBjUs7wcosk1bWw2qfH4pump","L2","1926466","https://x.com/i/communities/1913370143255580847","https://tinyurl.com/2msh4mwx"
"124","Grand Theft Auto VI","GTAVI","EpVHyKK8oxcLmp2C2NhAos1oDxgBNriw3wSLSozYpump","L2","1982573","https://x.com/solana_gtavi","https://gtavisol.net/"
"125","the white bull","DIP","BiYu1Lx12rQjNsvo4zeg85cuWJG5RvkL63AqZSGnTtu","L2","2021796","https://x.com/dipwheeler/status/2076122038822216031?s=46","https://trade.padre.gg/rk/moneyonsol"
"126","The Bagworker","PATTYICE","2jz9E5JrEbxLg1RhU68aaSikDvpQurCEZz9BBF9rpump","L2","2116825","https://x.com/i/communities/1982604029248094569","https://thebagworker.com"
"127","the bleck bull","ANSUM","GaZb3DE2U3Jcjx7ddAVwobsBKnCaDoJWLbzTvJYhpump","L2","2157371","https://x.com/ansumsolana","https://ansum.wtf/"
"128","Albemarle City","ALBEMARLE","FMTG5DSNYSS6Wv6d6bWG8MnK9ncdgVnkUFRj3ksdpump","L2","2354963","https://x.com/Albemarle_City","https://albemarle.meme/"
"129","BioLLM","BioLLM","9oxGicd5KXNcthYM6yD23X9zcznQVnHjrAEN38fFpump","L2","2483953","https://x.com/BioLLM_","https://biollm.com/"
"130","bullpen","bullpen","9vciqoMDquKyjEEtLkenQ4TxSjDEUNxcQdjhHXNHpump","L2","2510027","https://x.com/BurgosASBU/status/2073396322225598917",""
"131","CapIX Protocol","CPX","bS532krUcXBMNqXURPtGqYA7dhEsenYe2z9QKkcEASY","L2","2617485","https://www.x.com/capix_ai","https://www.CapIX.network"
"132","chAtoshI","CHATOSHI","Bhu2wBWxfWkRJ6pFn5NodnEvMCqj9DLfCU5qMvt7pump","L2","2659099","ChatoshiAi","https://chatoshi.ai/"
"133","SOLdiers","SOLdiers","B4ptaVsUe6YbtBwAS38WFeweSrVNfQLCcj9JRrtjU8vn","L2","3173509","https://x.com/RealSOLdiers_","https://x.com/iamzanon_/status/2078405552762151169?s=20"
"134","淫夢 1145141919810 ","YAJUCoin","BRrc4qh3t1wpE97FETgea1DEefu8A95Cu3g9vcN5pump","L2","3560279","https://x.com/i/communities/2013956891697922401","https://yajucoin.net/"
"135","catwifhat","CATWIF","5pYB12kEhfhSFXJjZ7JtyqDpt6uUqhsF6iu6Ee9spump","L2","3652399","https://x.com/i/communities/1964534262704504853","http://catwifhat.us/"
"136","drooling cat","drooling","B6f27ETGcjgGNB1fqULJbXVmw9FnL8HgBp7R83hmpump","L2","3737640","https://x.com/droolingcatsol","https://droolingcat.xyz/"
"137","The Top Bull ","TATE","CuGJf6cfDfMh4UxVgNJ5KFQ6v8Wv3qrqop6cFKsGpump","L2","3762461","https://x.com/thetopbull_tate/","https://thetopbull.com"
"138","The Black Calf","BABYANSEM","DLvuaz18bKnh1hEaCZsZ5NgJi7wYFm5RvgZVA2M5pump","L2","3803661","https://x.com/iambabyansem",""
"139","Himgajria","HIM","FfpUuXzXcZAg2Lrk9PAd9DKbvvUdPREniyHgXyR6pump","L2","3994247","https://x.com/himgajria/status/2071972414653632892",""
"140","Never Give Up","MINER","Gka1TQEevBbVw4W9K15ER96ZzKByMTb6TBMQzWFEpump","L2","4007477","https://x.com/Dum_Ilustrador","https://www.nevergiveup.art"
"141","Official Layoff Coin","LAYOFF","9voQQTTdfbqfXwc9rZAdJEeXXjUWjHnB4wkShMT8pump","L2","4201685","https://x.com/LayoffAI","https://www.layoffhedge.com"
"142","REAL NIGGER TATE","RNT","2fUFhZyd47Mapv9wcfXh5gnQwFXtqcYu9xAN4THBpump","L2","4287151","https://x.com/RNTmemecoin","https://www.realntate.com"
"143","p0 Systems","P0","HmTi3CQfKfXWbn1tNoiAxH7GzMV7L3tDAmPWabZEBAGS","L2","4663884","https://x.com/P0Systems","https://p0.systems/"
"144","Digital Oil Memecoin","Oil","5LS3ips7jWxfuVHzoMzKzp3cCwjH9zmrtYXmYBVGpump","L2","4876538","digitaloilmeme","https://www.digitaloilproject.com/"
"145","Chancecoin","CHANCE","JCKwsT8UAbygnFkZ7u3amDUM7BXRtwUhCsHQv2khpump","L2","5002465","https://x.com/Chancecoin_sol","https://chancecoin.now"
"146","The Dextools Bull","DEXBULL","6xCtR2Eq1VumsoRdNutcfSQfLMk7xUa2BrMx18tqpump","L2","5309897","https://x.com/DextoolsBullX","https://www.dexbull.net/"
"147","Hyper Bull","HBULL","7V6Sk63y8Rr1MvcN5mYNp61wgFhy4EeQg5gUASk9pump","L2","5677795","https://x.com/hyperbullsol","https://hyperbullsol.com"
"148","Rage Guy","RAGEGUY","GvV7sFu6FHJsSVXfpG7xqFnWar3c7YkcC74rqe7Bpump","L2","5829127","rageguy_og","https://rageguy.meme/"
"149","WORLD CUP 2026","W26","AYYfBtUEwQp5ynUD4AUd8azoyxgtp7oH7QsSBvCmmoon","L2","6183366","https://x.com/WC26_Solana","https://moonshot.com/AYYfBtUEwQp5ynUD4AUd8azoyxgtp7oH7QsSBvCmmoon"
"150","bullwifhat","BIF","62YE1d4sRArBQzR5bdbxsx2k9LV3MdPV4xMC4Di2pump","L2","6877596","https://x.com/bifbullcoin",""
"151","fih","fih","8SkfuQkYNTskoQUbbjr2JbZQeqQV9egnJXgfMXf5bonk","L2","7218551","https://x.com/fih_usd1","https://fih.money/"
"152","SPCX69","SPCX69","SPCXwBHVrKpRqMRawL3NNvt1sXP2Yf3edwRbta53N69","L2","7726098","https://x.com/internSPC69x","https://spcx69.com"
"153","COBRA TATE","COBRA","D6sA8hKpreRfWEqLRo2fyx5UpmcHeEmGsQ1UndLWpump","L2","7918975","https://x.com/i/communities/2011601141700739561","https://cobratate.fun/"
"154","Football Capital Markets","FCM","Hkpi2SkNWm5LogyY1Bz4zYTq5REVvco2aYWd1tYppump","L2","8759658","https://x.com/fcmdotfun","https://fcm.fun/"
"155","Pod the Squire","SQUIRE","EN2nnxrg8uUi6x2sJkzNPd2eT6rB9rdSoQNNaENA4RZA","L2","9046347","https://x.com/squire_bot","https://github.com/podthesquire"
"156","WINGIT","WINGIT","CVhWiQ2SBhpTJ3xAR3ekf3uf8Ns2tNzj3mEtzKSpump","L2","9408467","https://x.com/WINGIT404","https://wingit404.fun/"
"157","febu","febu","4ko5tSr5o3H4v1sFtjTSd9MPUW7yx5AFCpkNPoL6pump","L3","10401630","https://x.com/febu","https://imfebu.com"
"158","The Collector Group","TCG","DLGRpmkMGr7J4KD1xR5x2XjaGeQH64PLFQkyxNNSpump","L3","10996890","https://x.com/collectdotrip","https://collect.rip"
"159","World Cup Coin","WORLDCUP","33eum82LaAhtv5YkUq1BdwEviSErH5CnFxqVNLT5pump","L3","12407122","https://x.com/worldcuponpf","https://www.worldcuponpump.com/"
"160","world.xyz","world","FMqh9mqR6drPZqqW6wPqLHxX4rqNDWGhYLaMfoaJpump","L3","12501588","https://x.com/world_xyz","https://docs.world.xyz/"
"161","Jotchua","Jotchua","BcHEaaTCvycPwwsJ9yQTXdHP9X2gCLkznDbZ8VySpump","L3","14027601","https://x.com/JotchuaTheMeme","https://jotchua.net/"
"162","Credible Finance","CRED","CREDBHvVqREBCAxMihzr8D1nepHMr2gmQoZWpmgGmeta","L3","16072768","https://x.com/crediblefin","https://credible.finance"
"163","three.ws","three","FeMbDoX7R1Psc4GEcvJdsbNbZA3bfztcyDCatJVJpump","L3","16383260","https://x.com/trythreews","https://three.ws/"
"164","Cupsey","Cupsey","6NwarBvDkXhByqVp2Qkq5i9XbtA2B3Bwe8SWGu9vpump","L3","17419480","https://x.com/CupseyToken","https://cupsey.xyz"
"165","Nest","NEST","68Nq68CrtLVpyvK5Un7UADiNczaGf39hBbj3diRsYj6D","L3","17754169","https://x.com/nestusd","https://nestusd.com/"
"166","just a memecoin","memecoin","Bb4jR951QtVjeFAYFLBYXDSMKjbTDroCLPbFLdd7pump","L3","17870007","https://x.com/thememecoincult","https://justamemecoin.io/"
"167","GoblinCoin","Goblin","3KHMZhpthXuiCcgfTv7vVu9PpEz64KAEURFwi6Lopump","L3","20034999","https://x.com/GoblinSPL","https://goblincoin.net/"
"168","Scam Altman","SCAM","6AVAUKa9uxQpruHZUinFECpXEh1usRVtzQWK8N2wpump","L3","20086391","https://x.com/scamasol","https://scamaltmansol-com.netlify.app/"
"169","The Last Play","retire","zGh48JtNHVBb5evgoZLXwgPD2Qu4MhkWdJLGDAupump","L3","20478746","thelastplaysol","https://linktr.ee/thelastplaysol"
"170","Jimothy The Raccoon","Jimothy","Ge87EtsjwRQbHaqQmKRno69RFTwh9bfSsm99XNxTpump","L3","22625658","https://x.com/i/communities/2011628271889449061","https://www.reddit.com/search/?q=Jimothy&cId=82772841-1838-4373-a513-9265e11cf8a6&iId=e2e1bab2-c3ea-4dd0-b647-78c009d14166"
"171","Kintara","KINS","Tqj8yFmagrg7oorpQkVGYR52r96RFTamvWfth9bpump","L3","22791792","https://x.com/PlayKintara","https://kintara.com/"
"172","unc","unc","ACtfUWtgvaXrQGNMiohTusi5jcx5RJf5zwu9aAxkpump","L3","24997165","https://x.com/OfficialUncX","https://uncmode.xyz/"
"173","Burnie Senders","BURNIE","CGEDT9QZDvvH5GmVkWJH2BXiMJqMJySC9ihWyr7Spump","L3","25124775","https://x.com/BurnieSendersX","https://burniesenders.com/"
"174","Tung Tung Tung Sahur","TripleT","J8PSdNP3QewKq2Z1JJJFDMaqF7KcaiJhR7gbr5KZpump","L3","27594065","https://x.com/TripleTsol","https://www.tiktok.com/discover/tung-tung-tung-sahur"
"175","The Top Floor Boss","TJR","4U4U8oXwDyVXGeTffMXds4NAgBgLFwq3wNvTCRTSpump","L3","28001231","https://x.com/Supermanonchain/status/2071581476207182216","https://www.tiktok.com/@tjr/video/7656798165210844430"
"176","DADDY TATE","DADDY","4Cnk9EPnW5ixfLZatCPJjDB1PUtcRpVVgTQukm9epump","L3","31297856","https://x.com/i/communities/1855296591726604541","https://www.cobratate.com/"
"177","Chill House","CHILLHOUSE","GkyPYa7NnCFbduLknCfBfP7p8564X1VZhwZYJ6CZpump","L3","31598075","https://x.com/ChillHouseSOL","https://coincommunities.org/s/XdBgcaU"
"178","Yeezy Coin","YzY","4NBTf8PfLH4oLFnwf3knv46FY9i5oXjDxffCetXRpump","L3","41543530","https://x.com/i/communities/1891898427790733405","https://trillionbear.com/"
"179","swarms","swarms","74SBV4zDXxTRgv1pEMoECskKBkZHc2yGPnc7GYVepump","L3","47960065","KyeGomezB","https://swarms.world/"
"180","PUMPCADE","PUMPCADE","Eg2ymQ2aQqjMcibnmTt8erC6Tvk9PVpJZCxvVPJz2agu","L3","49495173","https://x.com/pumpcade","https://cade.market"
"181","Manifesting","MANIFEST","BCdwQBAn8dYB5YjTsoB6TdHAWokxv28k2oZUodERpump","L3","51027900","https://x.com/ManifestingXs","https://manifesting.meme"
"182","NotInEmploymentEducationTraining","neet","Ce2gx9KGXJ6C9Mp5b5x1sn9Mg87JwEbrQby4Zqo3pump","L3","51405814","neet_sol","https://neetcoin.xyz/"
"183","KLEDAI","KLED","1zJX5gRnjLgmTpq5sVwkq69mNDQkCemqoasyjaPW6jm","L3","58208362","https://x.com/useKled","https://www.kled.ai/"
"184","Kori The Pom","KORI","HtTYHz1Kf3rrQo6AqDLmss7gq5WrkWAaXn3tupUZbonk","L3","60487080","https://x.com/pomkori","https://www.pomkori.fun"
"185","Wojak ","WOJAK","8J69rbLTzWWgUJziFY8jeu5tDwEPBwUz4pKBMr5rpump","L3","63033746","https://x.com/wojakonx","https://wojak.fun/"
"186","The Spirit of Gambling","Tokabu","H8xQ6poBjB9DTPMDTKWzWPrnxu4bDEhybxiouF8Ppump","L3","77802170","https://x.com/tokabu777","http://tokabu.world/"
"187","Uranus","URANUS","BFgdzMkTPdKKJeTipv2njtDEwhKxkgFueJQfJGt1jups","L3","83503318","https://x.com/Enter_Uranus","https://enteruranus.com/"
"188","Avici","AVICI","BANKJmvhT8tiJRsBSS1n2HryMBPvT5Ze4HU95DUAmeta","L3","99191524","https://x.com/Avici","https://avici.money/"
"189","Housecoin","House","DitHyRMQiSDhn5cnKMJV2CDDt6sVct96YrECiM49pump","L4","122163742","HousecoinOnSol","https://housecoin.meme/"
"190","Commonwealth","CWU","CmVUoJUt7hMGc9ze7s8zYdnA7enMfCAFdQCggxcbACWU","L4","133232241","https://x.com/CWUblockchain","https://blockchain.commonwealthunion.com/"
"191","Nietzschean Penguin","PENGUIN","8Jx8AAHj86wbQgUTjGuj6GTTL5Ps3cqxKRTvpaJApump","L4","173490465","https://x.com/i/communities/2013591675306705214","https://www.penguinonsol.com"
"192","testicle","testicle","4TyZGqRLG3VcHTGMcLBoPUmqYitMVojXinAmkL8xpump","L4","255431748","https://x.com/testicletoken","https://www.testicle.site/#about"
"193","TROLL","TROLL","5UUH9RTDiSpq6HKS6bp4NdU9PNJpXRXuiw6ShBTBhgH2","L4","286480297","https://x.com/trololol_io","https://trololol.io"
"194","Mushu","MUSHU","5Jr9hGmJgxBRjjF8XGcGgQzXUdsbpZNNMpigEv8Wpump","L4","291986637","https://x.com/i/communities/2019994528053187024","https://mushu.lol"
"195","Opal","OPAL","2PzS5SYYWjUFvzXNFaMmRkpjkxGX6R5v8DnKYtdcpump","L4","325594829","https://x.com/opalbotgg","https://www.opalbot.gg/"
"196","The Black Bull","ANSEM","9cRCn9rGT8V2imeM2BaKs13yhMEais3ruM3rPvTGpump","L4","449260600","https://x.com/blackbullsol","https://www.blackbullsol.com/"
"197","LOOK","LOOK","9223LqDuoJXyhCtvi54DUQPGS8Xf29kUEQRr7Sfhmoon","L4","679775365","https://x.com/lookdotfun","https://www.look.fun/"
"198","The Official 67 Coin","67","9AvytnUKsLxPxFHFqS6VLxaxt5p6BhYNr53SD2Chpump","L4","32018633739","https://x.com/67officialpage","https://67coin.com"
"199","Buttcoin","Buttcoin","Cm6fNnMk7NfzStP9CZpsQA2v3jjzbcYGAxdJySmHpump","L4","37917666750050","https://x.com/buttcoin","https://www.buttcoin.money"
"200","zauthx402","ZAUTH","DNhQZ1CE9qZ2FNrVhsCXwQJ2vZG8ufZkcYakTS5Jpump","L4","122499695257882","https://x.com/zauthinc","https://zauth.inc"
